PurchaseOrderId;ItemPosition;Material;Description;Quantity;Unit;NetPrice;Currency
4500000001;0001;MAT-1001;Steel Bracket;500.000;EA;15.00;EUR
4500000001;0002;MAT-1002;Aluminum Housing;200.000;EA;22.50;EUR
4500000002;0001;MAT-2001;Steel Coil 2mm;10.000;TO;4200.00;EUR
4500000002;0002;MAT-2002;Steel Coil 3mm;1.000;TO;3200.50;EUR
4500000003;0001;MAT-3001;Circuit Board Rev C;1000.000;EA;8.50;USD
4500000003;0002;MAT-3002;Power Supply Unit;1.000;EA;399.99;USD
4500000004;0001;MAT-4001;Corrugated Box Large;3000.000;EA;0.70;EUR
4500000005;0001;MAT-5001;Freight Handling Fee;1.000;EA;560.75;USD
4500000006;0001;MAT-3001;Circuit Board Rev C;1140.000;EA;8.50;USD
4500000006;0002;MAT-3002;Power Supply Unit;4.000;EA;399.99;USD
4500000006;0003;MAT-3003;Temperature Sensor;140.000;EA;12.40;USD
4500000006;0004;MAT-3004;Cable Harness;350.000;EA;6.75;USD
4500000007;0001;MAT-6003;Safety Gloves;910.000;PR;3.20;USD
4500000007;0002;MAT-6001;Torque Wrench Set;17.000;EA;245.00;USD
4500000007;0003;MAT-6002;Drill Bit Kit;69.000;EA;39.90;USD
4500000008;0001;MAT-7002;Injection Moulded Cap;39470.000;EA;0.12;EUR
4500000008;0002;MAT-7001;PP Granulate;9670.000;KG;1.35;EUR
4500000009;0001;MAT-2001;Steel Coil 2mm;9.000;TO;4200.00;EUR
4500000009;0002;MAT-2003;Stainless Sheet 1mm;2.000;TO;5100.00;EUR
4500000010;0001;MAT-1001;Steel Bracket;700.000;EA;15.00;EUR
4500000010;0002;MAT-1002;Aluminum Housing;330.000;EA;22.50;EUR
4500000010;0003;MAT-1003;Hinge Assembly;500.000;EA;4.80;EUR
4500000011;0001;MAT-1004;Mounting Plate;180.000;EA;9.90;EUR
4500000011;0002;MAT-1003;Hinge Assembly;1420.000;EA;4.80;EUR
4500000011;0003;MAT-1002;Aluminum Housing;130.000;EA;22.50;EUR
4500000011;0004;MAT-1001;Steel Bracket;330.000;EA;15.00;EUR
4500000012;0001;MAT-9201;Copy Paper A4;320.000;PAK;4.20;USD
4500000012;0002;MAT-9202;Toner Cartridge;13.000;EA;89.00;USD
4500000013;0001;MAT-7001;PP Granulate;9780.000;KG;1.35;EUR
4500000014;0001;MAT-5003;Customs Clearance;1.000;EA;180.00;USD
4500000015;0001;MAT-8001;Industrial Solvent;960.000;L;4.60;EUR
4500000015;0002;MAT-8002;Epoxy Resin;220.000;KG;12.80;EUR
4500000016;0001;MAT-9102;Gearbox 1:10;16.000;EA;312.50;USD
4500000017;0001;MAT-5001;Freight Handling Fee;1.000;EA;560.75;USD
4500000018;0001;MAT-4003;Wooden Pallet;170.000;EA;11.50;EUR
4500000018;0002;MAT-4002;Pallet Wrap Film;120.000;RL;18.00;EUR
4500000019;0001;MAT-5002;Container Transport;3.000;EA;2350.00;USD
4500000019;0002;MAT-5001;Freight Handling Fee;1.000;EA;560.75;USD
4500000020;0001;MAT-9101;Servo Motor 400W;17.000;EA;489.00;USD
4500000021;0001;MAT-4002;Pallet Wrap Film;110.000;RL;18.00;EUR
4500000021;0002;MAT-4003;Wooden Pallet;70.000;EA;11.50;EUR
4500000022;0001;MAT-4002;Pallet Wrap Film;130.000;RL;18.00;EUR
4500000022;0002;MAT-4001;Corrugated Box Large;3480.000;EA;0.70;EUR
4500000022;0003;MAT-4003;Wooden Pallet;230.000;EA;11.50;EUR
4500000023;0001;MAT-6003;Safety Gloves;990.000;PR;3.20;EUR
4500000024;0001;MAT-9201;Copy Paper A4;450.000;PAK;4.20;USD
4500000025;0001;MAT-2001;Steel Coil 2mm;4.000;TO;4200.00;EUR
4500000025;0002;MAT-2002;Steel Coil 3mm;6.000;TO;3200.50;EUR
4500000026;0001;MAT-1004;Mounting Plate;480.000;EA;9.90;EUR
4500000027;0001;MAT-6002;Drill Bit Kit;15.000;EA;39.90;EUR
4500000027;0002;MAT-6003;Safety Gloves;730.000;PR;3.20;EUR
4500000028;0001;MAT-8001;Industrial Solvent;970.000;L;4.60;EUR
4500000029;0001;MAT-9102;Gearbox 1:10;13.000;EA;312.50;USD
4500000030;0001;MAT-1002;Aluminum Housing;340.000;EA;22.50;EUR
